action,system
send marketing communication,Gmail
send email,Salesforce
buy stock,Tableau
send message,Amazon
send email,Slack
send marketing communication,Salesforce
send email,HubSpot
approve request,AWS
approve request,Robinhood
approve request,Google Calendar
schedule meeting,Salesforce
send message,PostgreSQL
approve request,Slack
buy stock,Amazon
buy items,Robinhood
update database,Slack
send email,PostgreSQL
deploy application,HubSpot
generate report,Slack
send message,Slack
approve request,Amazon
buy items,Tableau
deploy application,Tableau
buy stock,Robinhood
send email,Salesforce
buy stock,Tableau
schedule meeting,HubSpot
buy items,PostgreSQL
send message,Slack
buy stock,Gmail
approve request,AWS
send email,Amazon
buy items,Slack
buy stock,Slack
send email,Robinhood
update database,Amazon
deploy application,Salesforce
generate report,Robinhood
update database,Tableau
send email,AWS
buy items,Gmail
send message,Amazon
approve request,Amazon
generate report,AWS
update database,HubSpot
generate report,Slack
buy stock,Tableau
update database,Tableau
send marketing communication,HubSpot
schedule meeting,PostgreSQL
deploy application,Salesforce
schedule meeting,Google Calendar
deploy application,PostgreSQL
generate report,Google Calendar
buy stock,Gmail
send message,Google Calendar
approve request,HubSpot
generate report,Amazon
approve request,Gmail
buy stock,Google Calendar
deploy application,Amazon
deploy application,AWS
buy items,Slack
approve request,Slack
generate report,Gmail
buy items,PostgreSQL
buy stock,Tableau
buy items,Google Calendar
send email,HubSpot
update database,PostgreSQL
deploy application,Slack
generate report,Tableau
send marketing communication,Salesforce
buy items,Google Calendar
approve request,AWS
approve request,Robinhood
buy items,AWS
schedule meeting,Slack
approve request,PostgreSQL
send email,Google Calendar
send marketing communication,Robinhood
send marketing communication,Robinhood
deploy application,Tableau
schedule meeting,Amazon
schedule meeting,Slack
approve request,Gmail
send message,PostgreSQL
buy items,Salesforce
deploy application,AWS
approve request,Slack
update database,HubSpot
send message,PostgreSQL
send email,Amazon
generate report,HubSpot
send message,Tableau
schedule meeting,Salesforce
generate report,Gmail
deploy application,Gmail
generate report,Robinhood
send message,Slack
